proveedor,cuenta,nombre_cuenta,concepto,ceco,n_facturas,n_lineas,ultima_fecha,pct_del_proveedor,clasificacion_unica
AGUA PURIFICADA ALBA CATALINA SANTANA MUGA E I R L,4510301023,649040 GASTOS GENERALESGENERAL EXPENSES,Bidones de agua,ADMINISTRACION,10,10,2026-07-24,1.0,SI
ALLMEDICA SOCIEDAD ANONIMA,4510301005,613070 MANTENCION Y REPARACION MAINTENANCE,Mantención,PABELLON,1,1,2026-02-28,1.0,SI
ANGEL MARABOLI Y COMPANIA LIMITADA,4510301005,613070 MANTENCION Y REPARACION MAINTENANCE,Mantención,ADMINISTRACION,1,1,2026-03-31,1.0,SI
ASEPCO SPA.,4510404007,612050 SERVICIOS CLINICOS CLINICAL SERVICES,Lavanderia,ADMINISTRACION,7,7,2026-07-31,1.0,SI
Adkar Shop Chile SPA,4510301015,612160 GTOS. COURRIER COURRIER,Envios,CLINICA LAS CONDES,1,1,2026-06-25,0.5,NO
Adkar Shop Chile SPA,4510301023,649040 GASTOS GENERALESGENERAL EXPENSES,Gastos generales,CLINICA LAS CONDES,1,1,2026-06-25,0.5,NO
AdministracionesyServiciosSeñalParkingLtda,4510301022,GTOS. DE ESTACIONAMIENTO Y APARCAMIENTO,Estacionamiento (Variable),ADMINISTRACION,13,13,2026-07-31,0.65,NO
AdministracionesyServiciosSeñalParkingLtda,4510301022,GTOS. DE ESTACIONAMIENTO Y APARCAMIENTO,Estacionamiento (Fijo),ADMINISTRACION,7,7,2026-07-31,0.35,NO
Airolite S.A,4510301023,649040 GASTOS GENERALESGENERAL EXPENSES,Gastos generales,ADMINISTRACION,1,1,2026-07-10,1.0,SI
B-LUCKY SPA,4510301008,612040 UTILES Y ARTICULOS DE OFICINA OFFICE SUPPLIES,Utiles de oficina,CALIDAD Y SEGURIDAD DEL PACIENTE,1,1,2026-07-29,1.0,SI
BARGAINSHOP SPA,4510301023,649040 GASTOS GENERALESGENERAL EXPENSES,Gastos generales,ADMINISTRACION,4,4,2026-07-01,0.8,NO
BARGAINSHOP SPA,4510301023,649040 GASTOS GENERALESGENERAL EXPENSES,Gastos generales,CLINICA LAS CONDES,1,1,2026-07-01,0.2,NO
BAUMART SPA,4510301023,649040 GASTOS GENERALESGENERAL EXPENSES,Gastos generales,MEDICO,1,1,2026-01-06,1.0,SI
CANONCHILES.A,4510301008,612040 UTILES Y ARTICULOS DE OFICINA OFFICE SUPPLIES,Utiles de oficina,LABORATORIO FIV,2,2,2026-06-02,1.0,SI
CARRASCO Y COMPANIA S.A.,4510404001,616020 SERVICIOS LEGALES LEGAL FEES,Asesoria legal,ADMINISTRACION,7,7,2026-07-27,1.0,SI
CHILEXPRESS S A,4510301015,612160 GTOS. COURRIER COURRIER,Envios,ADMINISTRACION,4,9,2026-07-14,1.0,SI
CIA TRATAMIENTOS DE AGUA Y COMBUSTION LTDA,4510301005,613070 MANTENCION Y REPARACION MAINTENANCE,Mantención,ADMINISTRACION,1,1,2026-04-30,0.5,NO
CIA TRATAMIENTOS DE AGUA Y COMBUSTION LTDA,4510301017,612010 SUMINISTROS SUPPLIES,Suministros,ADMINISTRACION,1,1,2026-06-30,0.5,NO
CMT CLIMATIZACIÓN SPA.,4510301005,613070 MANTENCION Y REPARACION MAINTENANCE,Mantención,ADMINISTRACION,23,43,2026-07-28,0.7,NO
CMT CLIMATIZACIÓN SPA.,4510301005,613070 MANTENCION Y REPARACION MAINTENANCE,Mantención,LABORATORIO FIV,4,4,2026-03-31,0.12,NO
CMT CLIMATIZACIÓN SPA.,4510301015,612160 GTOS. COURRIER COURRIER,Envios,CLINICA LAS CONDES,3,3,2026-07-22,0.09,NO
CMT CLIMATIZACIÓN SPA.,4510301005,613070 MANTENCION Y REPARACION MAINTENANCE,Mantención,ENFERMERIA,1,1,2026-03-16,0.03,NO
CMT CLIMATIZACIÓN SPA.,4510301015,612160 GTOS. COURRIER COURRIER,Envios,ADMINISTRACION,1,2,2026-05-12,0.03,NO
CMT CLIMATIZACIÓN SPA.,4510301015,612160 GTOS. COURRIER COURRIER,Envios,LABORATORIO FIV,1,1,2026-06-23,0.03,NO
COMERCIAL ANGIE SPA,4510301005,613070 MANTENCION Y REPARACION MAINTENANCE,Mantención,ADMINISTRACION,1,1,2026-04-24,0.5,NO
COMERCIAL ANGIE SPA,4510301015,612160 GTOS. COURRIER COURRIER,Envios,ADMINISTRACION,1,1,2026-04-24,0.5,NO
COMERCIAL JELDRES Y CIA SPA,4510301008,612040 UTILES Y ARTICULOS DE OFICINA OFFICE SUPPLIES,Utiles de oficina,LABORATORIO ANDROLOGIA,1,2,2026-05-27,1.0,SI
COMERCIAL MANUSA SPA,4510301005,613070 MANTENCION Y REPARACION MAINTENANCE,Mantención,ADMINISTRACION,1,1,2026-02-27,1.0,SI
COMERCIALIZADORA PATAGONIA CHILE LIMITADA,4510301023,649040 GASTOS GENERALESGENERAL EXPENSES,Gastos generales,ADMINISTRACION,1,1,2026-06-18,1.0,SI
COMERCIALIZADORA SP DIGITAL SPA,4510301015,612160 GTOS. COURRIER COURRIER,Envios,ADMINISTRACION,2,2,2026-04-30,0.5,NO
COMERCIALIZADORA SP DIGITAL SPA,4510301005,613070 MANTENCION Y REPARACION MAINTENANCE,Mantención,ADMINISTRACION,1,1,2026-01-29,0.25,NO
COMERCIALIZADORA SP DIGITAL SPA,4510301023,649040 GASTOS GENERALESGENERAL EXPENSES,Gastos generales,ADMINISTRACION,1,1,2026-04-30,0.25,NO
COMERCIALIZADORA Y DISTRIBUIDORA DMASLED SPA,4510301005,613070 MANTENCION Y REPARACION MAINTENANCE,Mantención,ADMINISTRACION,1,1,2026-04-24,0.5,NO
COMERCIALIZADORA Y DISTRIBUIDORA DMASLED SPA,4510301015,612160 GTOS. COURRIER COURRIER,Envios,ADMINISTRACION,1,1,2026-04-24,0.5,NO
COMPUTER TECH MAINTENANCE SPA,4510301008,612040 UTILES Y ARTICULOS DE OFICINA OFFICE SUPPLIES,Utiles de oficina,ADMINISTRACION,1,1,2026-02-12,1.0,SI
CUSATTO SPA,4510301005,613070 MANTENCION Y REPARACION MAINTENANCE,Mantención,ADMINISTRACION,1,3,2026-02-27,0.5,NO
CUSATTO SPA,4510301023,649040 GASTOS GENERALESGENERAL EXPENSES,Gastos generales,ADMINISTRACION,1,1,2026-01-19,0.5,NO
Casa Musa Electronica S.A,4510301005,613070 MANTENCION Y REPARACION MAINTENANCE,Mantención,ADMINISTRACION,1,2,2026-07-21,1.0,SI
Comercial Bustos y Perez Limitada,4510301005,613070 MANTENCION Y REPARACION MAINTENANCE,Mantención,ADMINISTRACION,1,1,2026-07-30,1.0,SI
Comercial Hongxing Limitada,4510301023,649040 GASTOS GENERALESGENERAL EXPENSES,Gastos generales,CLINICA LAS CONDES,1,1,2026-07-03,1.0,SI
Comercial Mundi Fachion SPA,4510301005,613070 MANTENCION Y REPARACION MAINTENANCE,Mantención,ADMINISTRACION,1,1,2026-05-31,0.5,NO
Comercial Mundi Fachion SPA,4510301015,612160 GTOS. COURRIER COURRIER,Envios,ADMINISTRACION,1,1,2026-05-31,0.5,NO
Comercial Rincon Irausquin,4510301008,612040 UTILES Y ARTICULOS DE OFICINA OFFICE SUPPLIES,Utiles de oficina,ADMINISTRACION,1,1,2026-04-09,1.0,SI
Comercializadora Newstar SPA,4510301008,612040 UTILES Y ARTICULOS DE OFICINA OFFICE SUPPLIES,Utiles de oficina,CLINICA LAS CONDES,1,1,2026-06-21,1.0,SI
DAP DUCASSE DISENO LIMITADA,4510301005,613070 MANTENCION Y REPARACION MAINTENANCE,Mantención,PABELLON,2,3,2026-06-11,0.67,NO
DAP DUCASSE DISENO LIMITADA,4510301005,613070 MANTENCION Y REPARACION MAINTENANCE,Mantención,ADMINISTRACION,1,1,2026-06-11,0.33,NO
DEMARKA S A,4510301008,612040 UTILES Y ARTICULOS DE OFICINA OFFICE SUPPLIES,Utiles de oficina,PABELLON,1,1,2026-06-02,1.0,SI
DIMERC S A,4510301008,612040 UTILES Y ARTICULOS DE OFICINA OFFICE SUPPLIES,Utiles de oficina,ADMINISTRACION,21,99,2026-07-21,0.4,NO
DIMERC S A,4510301023,649040 GASTOS GENERALESGENERAL EXPENSES,Gastos generales,ADMINISTRACION,13,53,2026-07-08,0.25,NO
DIMERC S A,4510301023,649040 GASTOS GENERALESGENERAL EXPENSES,Bidones de agua,ADMINISTRACION,10,10,2026-07-08,0.19,NO
DIMERC S A,4510301017,612010 SUMINISTROS SUPPLIES,Suministros,ADMINISTRACION,6,8,2026-05-31,0.11,NO
DIMERC S A,4510301015,612160 GTOS. COURRIER COURRIER,Envios,ADMINISTRACION,2,2,2026-06-11,0.04,NO
DIMERC S A,4510301008,612040 UTILES Y ARTICULOS DE OFICINA OFFICE SUPPLIES,Utiles de oficina,CLINICA LAS CONDES,1,1,2026-07-10,0.02,NO
DISTRIBUIDORA DE PRODUCTOS MASIVOS LIMITADA,4510301017,612010 SUMINISTROS SUPPLIES,Suministros,ADMINISTRACION,13,21,2026-07-09,1.0,SI
DISTRIBUIDORA PAPELES INDUSTRIALES SpA.,4510301017,612010 SUMINISTROS SUPPLIES,Suministros,ADMINISTRACION,8,15,2026-07-01,0.89,NO
DISTRIBUIDORA PAPELES INDUSTRIALES SpA.,4510301015,612160 GTOS. COURRIER COURRIER,Envios,ADMINISTRACION,1,1,2026-03-19,0.11,NO
DROGUERIA HOFMANN SAC,4510301017,612010 SUMINISTROS SUPPLIES,Suministros,CLINICA LAS CONDES,1,1,2026-07-09,1.0,SI
Diegmark Import SPA,4510301008,612040 UTILES Y ARTICULOS DE OFICINA OFFICE SUPPLIES,Utiles de oficina,ADMINISTRACION,1,1,2026-06-05,1.0,SI
EDGE SPA,4510301008,612040 UTILES Y ARTICULOS DE OFICINA OFFICE SUPPLIES,Utiles de oficina,ADMINISTRACION,3,4,2026-06-24,0.75,NO
EDGE SPA,4510301015,612160 GTOS. COURRIER COURRIER,Envios,ADMINISTRACION,1,1,2026-05-08,0.25,NO
EMPREDIEM SPA,4510301015,612160 GTOS. COURRIER COURRIER,Envios,CLINICA LAS CONDES,1,1,2026-06-26,0.5,NO
EMPREDIEM SPA,4510301023,649040 GASTOS GENERALESGENERAL EXPENSES,Gastos generales,CLINICA LAS CONDES,1,1,2026-06-26,0.5,NO
EMPRESA NACIONAL DE CERTIFICACION ELECTRONICA SPA,4510301013,615010 SOFTWARE,Firmas digitales,ADMINISTRACION,2,3,2026-07-10,0.67,NO
EMPRESA NACIONAL DE CERTIFICACION ELECTRONICA SPA,4510301013,615010 SOFTWARE,Certificados,ADMINISTRACION,1,1,2026-07-10,0.33,NO
EMPRESA NACIONAL DE TELECOMUNICACIONES S A,4510301003,615050 TELEF. INTERNET TELEPHONE INTERNET,Internet y telefonia,ADMINISTRACION,7,7,2026-07-01,1.0,SI
EMPRESAS INDENOR S A,4510301005,613070 MANTENCION Y REPARACION MAINTENANCE,Mantención,ADMINISTRACION,3,3,2026-07-08,1.0,SI
ENEVAL COMERCIAL SPA,4510301005,613070 MANTENCION Y REPARACION MAINTENANCE,Mantención,ADMINISTRACION,3,29,2026-04-30,1.0,SI
ENTEL PCS TELECOMUNICACIONES S A,4510301003,615050 TELEF. INTERNET TELEPHONE INTERNET,Internet y telefonia,ADMINISTRACION,7,8,2026-07-14,0.78,NO
ENTEL PCS TELECOMUNICACIONES S A,4510301003,615050 TELEF. INTERNET TELEPHONE INTERNET,Telefono (Equipos),ADMINISTRACION,1,1,2026-06-17,0.11,NO
ENTEL PCS TELECOMUNICACIONES S A,4510301003,615050 TELEF. INTERNET TELEPHONE INTERNET,Telefono (Equipos),CLINICA LAS CONDES,1,1,2026-04-24,0.11,NO
EQUISOL SPA,4510301005,613070 MANTENCION Y REPARACION MAINTENANCE,Mantención,ADMINISTRACION,1,1,2026-05-31,1.0,SI
EURECKA SPA,4510301023,649040 GASTOS GENERALESGENERAL EXPENSES,Gastos generales,ADMINISTRACION,1,1,2026-02-13,1.0,SI
Electroart SPA,4510301005,613070 MANTENCION Y REPARACION MAINTENANCE,Mantención,ADMINISTRACION,1,2,2026-07-27,1.0,SI
Estudio Carey ltda,4510404001,616020 SERVICIOS LEGALES LEGAL FEES,Registro de marca,ADMINISTRACION,6,12,2026-07-20,1.0,SI
Eugenio Ravera y Compañia SPA,4510301005,613070 MANTENCION Y REPARACION MAINTENANCE,Mantención,ADMINISTRACION,1,1,2026-06-10,0.5,NO
Eugenio Ravera y Compañia SPA,4510301015,612160 GTOS. COURRIER COURRIER,Envios,ADMINISTRACION,1,1,2026-06-10,0.5,NO
FALATALE CHILE SPA,4510301023,649040 GASTOS GENERALESGENERAL EXPENSES,Gastos generales,ADMINISTRACION,1,1,2026-03-18,1.0,SI
FHL CONSTRUCTORA SPA,4510301005,613070 MANTENCION Y REPARACION MAINTENANCE,Mantención,ADMINISTRACION,1,1,2026-02-27,1.0,SI
Ferretería Los Guindos Ltda,4510301005,613070 MANTENCION Y REPARACION MAINTENANCE,Mantención,ADMINISTRACION,1,1,2026-06-05,1.0,SI
Fitalia Repuestos,4510301008,612040 UTILES Y ARTICULOS DE OFICINA OFFICE SUPPLIES,Utiles de oficina,ADMINISTRACION,1,1,2026-07-01,0.33,NO
Fitalia Repuestos,4510301015,612160 GTOS. COURRIER COURRIER,Envios,ADMINISTRACION,1,1,2026-07-01,0.33,NO
Fitalia Repuestos,4510301017,612010 SUMINISTROS SUPPLIES,Suministros,ADMINISTRACION,1,2,2026-07-15,0.33,NO
GLOBAL VISAS LIMITADA,4510301008,612040 UTILES Y ARTICULOS DE OFICINA OFFICE SUPPLIES,Utiles de oficina,ADMINISTRACION,1,1,2026-01-06,1.0,SI
GTD MANQUEHUE S.A.,4510301003,615050 TELEF. INTERNET TELEPHONE INTERNET,Internet y telefonia,ADMINISTRACION,7,7,2026-07-05,1.0,SI
GeoInnova Consultores SpA,4510301002,613010 ARRIENDOS RENT,Arriendo 616B,ADMINISTRACION,10,10,2026-07-01,1.0,SI
Gregory Gelvis Arrieta Chourio,4510301005,613070 MANTENCION Y REPARACION MAINTENANCE,Mantención,ADMINISTRACION,1,2,2026-07-27,1.0,SI
Grupo Ultrax Spa,4510301017,612010 SUMINISTROS SUPPLIES,Suministros,ADMINISTRACION,1,5,2026-04-24,1.0,SI
HECTOR CONTRERAS,4510301005,613070 MANTENCION Y REPARACION MAINTENANCE,Mantención,ADMINISTRACION,2,3,2026-06-23,1.0,SI
Hugo Daniel Varon Guacheta,4510301005,613070 MANTENCION Y REPARACION MAINTENANCE,Mantención,ADMINISTRACION,1,1,2026-05-18,1.0,SI
I-MED S A,4510301013,615010 SOFTWARE,Software Licencias medicas,MEDICO,7,28,2026-07-31,1.0,SI
IBAG CHILE SPA,4510301008,612040 UTILES Y ARTICULOS DE OFICINA OFFICE SUPPLIES,Utiles de oficina,ADMINISTRACION,1,1,2026-05-31,0.5,NO
IBAG CHILE SPA,4510301015,612160 GTOS. COURRIER COURRIER,Envios,ADMINISTRACION,1,1,2026-05-31,0.5,NO
IKEA,4510301015,612160 GTOS. COURRIER COURRIER,Envios,CLINICA LAS CONDES,1,1,2026-07-02,0.5,NO
IKEA,4510301023,649040 GASTOS GENERALESGENERAL EXPENSES,Gastos generales,CLINICA LAS CONDES,1,1,2026-07-02,0.5,NO
IMPORTADORA CROMTEK SPA,4510301005,613070 MANTENCION Y REPARACION MAINTENANCE,Mantención,LABORATORIO ANDROLOGIA,1,1,2026-02-28,1.0,SI
INGENIERIA INFORMATICA ASOCIADA LIMITADA,4510301005,613070 MANTENCION Y REPARACION MAINTENANCE,Mantención,ADMINISTRACION,1,2,2026-06-17,1.0,SI
INGENIERIA Y CONSTRUCCION CRYO-PLUMBING SPA,4510301005,613070 MANTENCION Y REPARACION MAINTENANCE,Mantención,ADMINISTRACION,1,1,2026-05-07,1.0,SI
"INGENIERIA, SOPORTE Y CADENA DE SUMINISTRO SPA",4510301017,612010 SUMINISTROS SUPPLIES,Suministros,ADMINISTRACION,2,4,2026-05-31,1.0,SI
INGENIERÍA Y CERTIFICACIÓN NACIONAL LIMITADA,4510301005,613070 MANTENCION Y REPARACION MAINTENANCE,Mantención,ADMINISTRACION,1,1,2026-01-19,1.0,SI
INPROAS S A,4510301017,612010 SUMINISTROS SUPPLIES,Suministros,ADMINISTRACION,1,5,2026-03-30,1.0,SI
INSTAPLAN S A,4510301005,613070 MANTENCION Y REPARACION MAINTENANCE,Mantención,ADMINISTRACION,2,4,2026-07-13,0.67,NO
INSTAPLAN S A,4510301005,613070 MANTENCION Y REPARACION MAINTENANCE,Mantención,LABORATORIO FIV,1,1,2026-06-23,0.33,NO
INTERNATIONAL MEDICAL PRODUCTS S A,4510301005,613070 MANTENCION Y REPARACION MAINTENANCE,Mantención,LABORATORIO FIV,1,2,2026-02-28,1.0,SI
INVERSIONES SAN NICOLAS LTDASIONES,4510301002,613010 ARRIENDOS RENT,Arriendo 1A,ADMINISTRACION,7,7,2026-07-01,0.5,NO
INVERSIONES SAN NICOLAS LTDASIONES,4510301002,613010 ARRIENDOS RENT,Arriendo Clinica,ADMINISTRACION,7,7,2026-07-01,0.5,NO
INVERSIONES SHOPTOM SPA,4510301008,612040 UTILES Y ARTICULOS DE OFICINA OFFICE SUPPLIES,Utiles de oficina,ADMINISTRACION,1,1,2026-04-27,1.0,SI
Importadora y Distribuidora EMY SPA,4510301023,649040 GASTOS GENERALESGENERAL EXPENSES,Gastos generales,CLINICA LAS CONDES,1,1,2026-06-25,1.0,SI
Ingenieria MCI,4510301023,649040 GASTOS GENERALESGENERAL EXPENSES,Gastos generales,ADMINISTRACION,1,1,2026-06-08,1.0,SI
Inversiones Roraima SPA,4510301008,612040 UTILES Y ARTICULOS DE OFICINA OFFICE SUPPLIES,Utiles de oficina,ADMINISTRACION,1,2,2026-07-07,1.0,SI
JR Service Group SPA,4510301005,613070 MANTENCION Y REPARACION MAINTENANCE,Mantención,ADMINISTRACION,7,12,2026-07-18,1.0,SI
KUNAN SPA,4510301013,615010 SOFTWARE,Central telefonica,ADMINISTRACION,1,1,2026-07-01,1.0,SI
LABORATORIOS L B C LIMITADA,4510301005,613070 MANTENCION Y REPARACION MAINTENANCE,Mantención,ADMINISTRACION,1,3,2026-06-11,1.0,SI
LAPTOPRO,4510301008,612040 UTILES Y ARTICULOS DE OFICINA OFFICE SUPPLIES,Utiles de oficina,CLINICA LAS CONDES,1,1,2026-06-18,1.0,SI
LARU SPA,4510301005,613070 MANTENCION Y REPARACION MAINTENANCE,Mantención,ADMINISTRACION,1,1,2026-07-31,1.0,SI
LEGRAND BTICINO CHILE SPA,4510301013,615010 SOFTWARE,Mantención UPS,ADMINISTRACION,1,1,2026-07-26,1.0,SI
LOBOTECH SPA,4510301023,649040 GASTOS GENERALESGENERAL EXPENSES,Gastos generales,ADMINISTRACION,2,2,2026-06-13,1.0,SI
LONCOTEC S.A.,4510301005,613070 MANTENCION Y REPARACION MAINTENANCE,Mantención,LABORATORIO ANDROLOGIA,1,2,2026-03-20,0.5,NO
LONCOTEC S.A.,4510301005,613070 MANTENCION Y REPARACION MAINTENANCE,Mantención,LABORATORIO FIV,1,1,2026-02-28,0.5,NO
LORTECH SPA,4510301005,613070 MANTENCION Y REPARACION MAINTENANCE,Mantención,LABORATORIO ANDROLOGIA,1,1,2026-02-12,1.0,SI
LUREYE GENERACION S A,4510301005,613070 MANTENCION Y REPARACION MAINTENANCE,Mantención,ADMINISTRACION,1,3,2026-02-28,1.0,SI
LUSTINGSONS SOCIEDAD ANONIMA,4510301017,612010 SUMINISTROS SUPPLIES,Suministros,ADMINISTRACION,3,6,2026-06-23,1.0,SI
MANDARINSUD CHILE SPA,4510301005,613070 MANTENCION Y REPARACION MAINTENANCE,Mantención,ADMINISTRACION,1,1,2026-04-14,1.0,SI
MANTENCION DE LABORATORIOS LIMITADA,4510301005,613070 MANTENCION Y REPARACION MAINTENANCE,Mantención,ADMINISTRACION,3,3,2026-04-02,1.0,SI
MATRIZ IDEAS S A,4510301008,612040 UTILES Y ARTICULOS DE OFICINA OFFICE SUPPLIES,Utiles de oficina,PABELLON,2,3,2026-07-10,1.0,SI
MAXI MOBILITY CHILE II SPA,4510501051,610080 TRANSPORTE PERSONAL,Cabify,ADMINISTRACION,7,21,2026-07-14,0.7,NO
MAXI MOBILITY CHILE II SPA,4510501051,610080 TRANSPORTE PERSONAL,Cabify,CLINICA LAS CONDES,2,2,2026-07-14,0.2,NO
MAXI MOBILITY CHILE II SPA,4510501051,610080 TRANSPORTE PERSONAL,Cabify,PABELLON,1,1,2026-03-10,0.1,NO
MEGA ARCHIVOS S.A,4510301002,613010 ARRIENDOS RENT,Bodega externa (Mega Archivos ),ADMINISTRACION,7,12,2026-07-02,0.88,NO
MEGA ARCHIVOS S.A,4510301017,612010 SUMINISTROS SUPPLIES,Suministros,ADMINISTRACION,1,1,2026-04-15,0.12,NO
METROLOGIA Y CALIDAD SpA,4510301005,613070 MANTENCION Y REPARACION MAINTENANCE,Mantención,LABORATORIO FIV,2,3,2026-02-28,1.0,SI
MSA de Chile Limitada,4510301005,613070 MANTENCION Y REPARACION MAINTENANCE,Mantención,LABORATORIO FIV,1,2,2026-01-26,1.0,SI
MY HOME SPA,4510301015,612160 GTOS. COURRIER COURRIER,Envios,ADMINISTRACION,1,1,2026-06-10,0.5,NO
MY HOME SPA,4510301017,612010 SUMINISTROS SUPPLIES,Suministros,ADMINISTRACION,1,1,2026-06-10,0.5,NO
MercadoLibreChileLTDA,4510301008,612040 UTILES Y ARTICULOS DE OFICINA OFFICE SUPPLIES,Utiles de oficina,ADMINISTRACION,4,4,2026-07-08,0.29,NO
MercadoLibreChileLTDA,4510301023,649040 GASTOS GENERALESGENERAL EXPENSES,Gastos generales,ADMINISTRACION,3,3,2026-06-25,0.21,NO
MercadoLibreChileLTDA,4510301023,649040 GASTOS GENERALESGENERAL EXPENSES,Gastos generales,CLINICA LAS CONDES,3,3,2026-06-25,0.21,NO
MercadoLibreChileLTDA,4510301015,612160 GTOS. COURRIER COURRIER,Envios,ADMINISTRACION,2,2,2026-07-15,0.14,NO
MercadoLibreChileLTDA,4510301008,612040 UTILES Y ARTICULOS DE OFICINA OFFICE SUPPLIES,Utiles de oficina,CLINICA LAS CONDES,1,1,2026-07-08,0.07,NO
MercadoLibreChileLTDA,4510301017,612010 SUMINISTROS SUPPLIES,Suministros,ADMINISTRACION,1,1,2026-07-15,0.07,NO
PERNO EXPRESS SPA,4510301017,612010 SUMINISTROS SUPPLIES,Suministros,ADMINISTRACION,1,1,2026-01-21,1.0,SI
PERSONAL COMPUTER FACTORY SOCIEDAD ANONIMA,4510301008,612040 UTILES Y ARTICULOS DE OFICINA OFFICE SUPPLIES,Utiles de oficina,ADMINISTRACION,1,1,2026-03-24,0.25,NO
PERSONAL COMPUTER FACTORY SOCIEDAD ANONIMA,4510301008,612040 UTILES Y ARTICULOS DE OFICINA OFFICE SUPPLIES,Utiles de oficina,CALIDAD Y SEGURIDAD DEL PACIENTE,1,1,2026-05-05,0.25,NO
PERSONAL COMPUTER FACTORY SOCIEDAD ANONIMA,4510301008,612040 UTILES Y ARTICULOS DE OFICINA OFFICE SUPPLIES,Utiles de oficina,CLINICA LAS CONDES,1,2,2026-07-10,0.25,NO
PERSONAL COMPUTER FACTORY SOCIEDAD ANONIMA,4510301015,612160 GTOS. COURRIER COURRIER,Envios,ADMINISTRACION,1,1,2026-03-24,0.25,NO
PLANTME SPA,4510301005,613070 MANTENCION Y REPARACION MAINTENANCE,Mantención plantas,ADMINISTRACION,8,8,2026-07-28,1.0,SI
PROSEGUR ACTIVA CHILE SERVICIOS LTDA,4510404003,649040 SERVICIOS DE SEGURIDADPROFESSIONAL SECURITY FEES,Camaras de seguridad,ADMINISTRACION,7,7,2026-07-24,1.0,SI
PROVEEDORES INTEGRALES PRISA S A,4510301008,612040 UTILES Y ARTICULOS DE OFICINA OFFICE SUPPLIES,Utiles de oficina,ADMINISTRACION,19,139,2026-07-20,0.34,NO
PROVEEDORES INTEGRALES PRISA S A,4510301023,649040 GASTOS GENERALESGENERAL EXPENSES,Gastos generales,ADMINISTRACION,18,121,2026-07-23,0.32,NO
PROVEEDORES INTEGRALES PRISA S A,4510301017,612010 SUMINISTROS SUPPLIES,Suministros,ADMINISTRACION,12,21,2026-07-09,0.21,NO
PROVEEDORES INTEGRALES PRISA S A,4510301008,612040 UTILES Y ARTICULOS DE OFICINA OFFICE SUPPLIES,Utiles de oficina,CLINICA LAS CONDES,2,8,2026-07-09,0.04,NO
PROVEEDORES INTEGRALES PRISA S A,4510301017,612010 SUMINISTROS SUPPLIES,Suministros,CLINICA LAS CONDES,2,3,2026-07-22,0.04,NO
PROVEEDORES INTEGRALES PRISA S A,4510301008,612040 UTILES Y ARTICULOS DE OFICINA OFFICE SUPPLIES,Utiles de oficina,PABELLON,1,1,2026-06-25,0.02,NO
PROVEEDORES INTEGRALES PRISA S A,4510301023,649040 GASTOS GENERALESGENERAL EXPENSES,Bidones de agua,ADMINISTRACION,1,1,2026-04-14,0.02,NO
PROVEEDORES INTEGRALES PRISA S A,4510301023,649040 GASTOS GENERALESGENERAL EXPENSES,Gastos generales,CLINICA LAS CONDES,1,2,2026-06-25,0.02,NO
PROYECTOS DE CLIMATIZACION SPA.,4510301005,613070 MANTENCION Y REPARACION MAINTENANCE,Mantención,ADMINISTRACION,4,5,2026-06-30,0.8,NO
PROYECTOS DE CLIMATIZACION SPA.,4510301005,613070 MANTENCION Y REPARACION MAINTENANCE,Mantención,LABORATORIO FIV,1,1,2026-05-18,0.2,NO
PUNTA RANCO SPA,4510301005,613070 MANTENCION Y REPARACION MAINTENANCE,Mantención,ADMINISTRACION,1,1,2026-04-21,1.0,SI
QRC MANTENIMIENTO SPA,4510301005,613070 MANTENCION Y REPARACION MAINTENANCE,Mantención,ADMINISTRACION,1,1,2026-03-31,1.0,SI
RAGNARCHILESPA,4510301008,612040 UTILES Y ARTICULOS DE OFICINA OFFICE SUPPLIES,Utiles de oficina,ADMINISTRACION,1,1,2026-04-08,1.0,SI
RAMTECH SPA,4510301015,612160 GTOS. COURRIER COURRIER,Envios,ADMINISTRACION,1,1,2026-06-12,0.5,NO
RAMTECH SPA,4510301023,649040 GASTOS GENERALESGENERAL EXPENSES,Gastos generales,ADMINISTRACION,1,1,2026-06-12,0.5,NO
REIMOF,4510301005,613070 MANTENCION Y REPARACION MAINTENANCE,Mantención,LABORATORIO FIV,2,2,2026-03-31,0.67,NO
REIMOF,4510301005,613070 MANTENCION Y REPARACION MAINTENANCE,Mantención,LABORATORIO ANDROLOGIA,1,1,2026-03-31,0.33,NO
ROOY BUSTAMANTE BURNIER PRESTACION DE SERVICIOS EIRL,4510301017,612010 SUMINISTROS SUPPLIES,Suministros,ADMINISTRACION,1,1,2026-02-05,1.0,SI
Ricardo David Faundez Flores,4510301005,613070 MANTENCION Y REPARACION MAINTENANCE,Mantención,ADMINISTRACION,6,19,2026-05-26,0.86,NO
Ricardo David Faundez Flores,4510301005,613070 MANTENCION Y REPARACION MAINTENANCE,Mantención,LABORATORIO FIV,1,2,2026-03-19,0.14,NO
SABOR DE EMOCIONES SPA,4510301023,649040 GASTOS GENERALESGENERAL EXPENSES,Gastos generales,CLINICA LAS CONDES,2,3,2026-07-30,1.0,SI
SERGIO ARTURO CHAVEZ OLGUIN,4510301008,612040 UTILES Y ARTICULOS DE OFICINA OFFICE SUPPLIES,Utiles de oficina,ADMINISTRACION,3,8,2026-06-18,0.38,NO
SERGIO ARTURO CHAVEZ OLGUIN,4510301015,612160 GTOS. COURRIER COURRIER,Envios,ADMINISTRACION,2,2,2026-06-18,0.25,NO
SERGIO ARTURO CHAVEZ OLGUIN,4510301008,612040 UTILES Y ARTICULOS DE OFICINA OFFICE SUPPLIES,Utiles de oficina,ENFERMERIA,1,1,2026-03-31,0.12,NO
SERGIO ARTURO CHAVEZ OLGUIN,4510301008,612040 UTILES Y ARTICULOS DE OFICINA OFFICE SUPPLIES,Utiles de oficina,LABORATORIO ANDROLOGIA,1,1,2026-03-31,0.12,NO
SERGIO ARTURO CHAVEZ OLGUIN,4510301017,612040 UTILES Y ARTICULOS DE OFICINA OFFICE SUPPLIES,Utiles de oficina,MEDICO,1,3,2026-07-23,0.12,NO
SERVICIO SJURIDICOS FMRSPA,4510404001,616020 SERVICIOS LEGALES LEGAL FEES,Asesoria legal,ADMINISTRACION,1,1,2026-02-02,1.0,SI
SERVICIOS DE ENERGÍA LEMANN LIMITADA,4510301005,613070 MANTENCION Y REPARACION MAINTENANCE,Mantención,ADMINISTRACION,5,7,2026-07-27,0.62,NO
SERVICIOS DE ENERGÍA LEMANN LIMITADA,4510301005,613070 MANTENCION Y REPARACION MAINTENANCE,Mantención,LABORATORIO FIV,1,1,2026-03-11,0.12,NO
SERVICIOS DE ENERGÍA LEMANN LIMITADA,4510301005,613070 MANTENCION Y REPARACION MAINTENANCE,Mantención,MEDICO,1,1,2026-02-16,0.12,NO
SERVICIOS DE ENERGÍA LEMANN LIMITADA,4510301017,612010 SUMINISTROS SUPPLIES,Suministros,MEDICO,1,1,2026-01-13,0.12,NO
SERVICIOS DE MANTENIMIENTO INSTAPLAN LIMITADA,4510301005,613070 MANTENCION Y REPARACION MAINTENANCE,Mantención,ADMINISTRACION,1,1,2026-03-24,1.0,SI
SERVICIOS Y ASESORIAS COMPUTACIONALES LTDA,4510301008,612040 UTILES Y ARTICULOS DE OFICINA OFFICE SUPPLIES,Utiles de oficina,ADMINISTRACION,1,1,2026-01-29,1.0,SI
SISTEMAS TECNOLOGICOS SPA,4510301013,615010 SOFTWARE,Software Licencias medicas,MEDICO,4,5,2026-05-31,1.0,SI
SOC COMERCIAL MIHOVILOVIC HNOS Y OTRO LIMITADA,4510301005,613070 MANTENCION Y REPARACION MAINTENANCE,Mantención,LABORATORIO FIV,1,1,2026-01-31,1.0,SI
SOC DE INVERSIONES INMOBILIARIA Y DE SERVICIOS DEL PILAR LIMITADA,4510404007,612050 SERVICIOS CLINICOS CLINICAL SERVICES,REAS,MEDICO,4,8,2026-07-20,0.27,NO
SOC DE INVERSIONES INMOBILIARIA Y DE SERVICIOS DEL PILAR LIMITADA,4510301017,612010 SUMINISTROS SUPPLIES,Suministros,ADMINISTRACION,3,6,2026-07-27,0.2,NO
SOC DE INVERSIONES INMOBILIARIA Y DE SERVICIOS DEL PILAR LIMITADA,4510404007,612050 SERVICIOS CLINICOS CLINICAL SERVICES,REAS,ADMINISTRACION,3,6,2026-03-10,0.2,NO
SOC DE INVERSIONES INMOBILIARIA Y DE SERVICIOS DEL PILAR LIMITADA,4510301017,612010 SUMINISTROS SUPPLIES,Suministros,MEDICO,2,7,2026-05-31,0.13,NO
SOC DE INVERSIONES INMOBILIARIA Y DE SERVICIOS DEL PILAR LIMITADA,4510301017,612010 SUMINISTROS SUPPLIES,Suministros,ENFERMERIA,1,1,2026-03-16,0.07,NO
SOC DE INVERSIONES INMOBILIARIA Y DE SERVICIOS DEL PILAR LIMITADA,4510301017,612010 SUMINISTROS SUPPLIES,Suministros,LABORATORIO ANDROLOGIA,1,1,2026-07-13,0.07,NO
SOC DE INVERSIONES INMOBILIARIA Y DE SERVICIOS DEL PILAR LIMITADA,4510301017,612010 SUMINISTROS SUPPLIES,Suministros,PABELLON,1,1,2026-06-23,0.07,NO
SOCIEDAD COMERCIAL E INDUSTRIAL ELEMONT LIMITADA,4510301005,613070 MANTENCION Y REPARACION MAINTENANCE,Mantención,ADMINISTRACION,8,8,2026-07-29,1.0,SI
SOCIEDAD COMERCIAL E INVERSIONES HONESTECH SPA,4510301005,613070 MANTENCION Y REPARACION MAINTENANCE,Mantención,ADMINISTRACION,6,6,2026-06-23,1.0,SI
SOCIEDAD DE GESTION E INVERSIONES VACCARO LIMITADA,4510301013,615010 SOFTWARE,Software Ticket,ADMINISTRACION,1,1,2026-01-29,1.0,SI
SOCIEDAD JARDÍN WOLF LIMITADA,4510301023,649040 GASTOS GENERALESGENERAL EXPENSES,Flores clinica,ADMINISTRACION,8,8,2026-07-31,1.0,SI
SOLUCIONES DIGITALES LIMITADA,4510301005,613070 MANTENCION Y REPARACION MAINTENANCE,Mantención,ADMINISTRACION,1,1,2026-02-28,1.0,SI
STUDIO GROUP SPA,4510301015,612160 GTOS. COURRIER COURRIER,Envios,ADMINISTRACION,1,1,2026-05-19,0.5,NO
STUDIO GROUP SPA,4510301023,649040 GASTOS GENERALESGENERAL EXPENSES,Gastos generales,ADMINISTRACION,1,1,2026-05-19,0.5,NO
Samsung Electronics Chile,4510301023,649040 GASTOS GENERALESGENERAL EXPENSES,Gastos generales,ADMINISTRACION,1,1,2026-06-24,1.0,SI
Servicios de ingenieria y control ambiental limitada,4510301005,613070 MANTENCION Y REPARACION MAINTENANCE,Mantención,LABORATORIO FIV,1,1,2026-02-28,1.0,SI
Sociedad Comercial Factory Chile,4510301008,612040 UTILES Y ARTICULOS DE OFICINA OFFICE SUPPLIES,Utiles de oficina,ADMINISTRACION,1,2,2026-06-10,0.5,NO
Sociedad Comercial Factory Chile,4510301008,612040 UTILES Y ARTICULOS DE OFICINA OFFICE SUPPLIES,Utiles de oficina,PABELLON,1,1,2026-06-04,0.5,NO
TAMPA SPA,4510301002,613010 ARRIENDOS RENT,Arriendo bodega contabilidad,ADMINISTRACION,1,1,2026-07-23,0.5,NO
TAMPA SPA,4510301002,613010 ARRIENDOS RENT,Arriendo bodega contabilidad,CONTABILIDAD,1,1,2026-01-20,0.5,NO
TECNOHELP SPA,4510404002,615040 SOPORTE INFORMATICO IT,Soporte TI,ADMINISTRACION,6,6,2026-05-31,1.0,SI
TECNOMATI SPA,4510301008,612040 UTILES Y ARTICULOS DE OFICINA OFFICE SUPPLIES,Utiles de oficina,ADMINISTRACION,1,1,2026-04-28,1.0,SI
TRULY NOLEN CHILE S A,4510301005,613070 MANTENCION Y REPARACION MAINTENANCE,Mantención,ADMINISTRACION,1,1,2026-02-27,1.0,SI
Tayma SPA,4510301017,612010 SUMINISTROS SUPPLIES,Suministros,ADMINISTRACION,1,2,2026-07-27,1.0,SI
Techdomipar SpA,4510301015,612160 GTOS. COURRIER COURRIER,Envios,ADMINISTRACION,1,1,2026-03-31,0.5,NO
Techdomipar SpA,4510301017,612010 SUMINISTROS SUPPLIES,Suministros,ADMINISTRACION,1,1,2026-03-31,0.5,NO
Technoplus Spa,4510301017,612010 SUMINISTROS SUPPLIES,Suministros,ADMINISTRACION,1,2,2026-07-27,1.0,SI
Tecno Import S.A.,4510301003,615050 TELEF. INTERNET TELEPHONE INTERNET,Telefono (Equipos),ADMINISTRACION,1,1,2026-05-11,0.5,NO
Tecno Import S.A.,4510301015,612160 GTOS. COURRIER COURRIER,Envios,ADMINISTRACION,1,1,2026-05-11,0.5,NO
Toolstore,4510301005,613070 MANTENCION Y REPARACION MAINTENANCE,Mantención,ADMINISTRACION,1,1,2026-06-10,0.5,NO
Toolstore,4510301015,612160 GTOS. COURRIER COURRIER,Envios,ADMINISTRACION,1,1,2026-06-10,0.5,NO
UNIVERSIDAD DE CHILE,4510301012,614080 PUBLICIDAD DIGITAL DIGITAL ADVERTISEMENT,Dominio Pagina web,MARKETING,2,5,2026-03-16,1.0,SI
VENTAS DE COMPUTADORES REPUESTOS Y SERVICIOS RICARDO ANDRES URIBE ALMONACID E.I.,4510301008,612040 UTILES Y ARTICULOS DE OFICINA OFFICE SUPPLIES,Utiles de oficina,ADMINISTRACION,1,1,2026-01-27,1.0,SI
VOISSNET CLOUD SERVICES S.P.A.,4510301003,615050 TELEF. INTERNET TELEPHONE INTERNET,Central telefonica,ADMINISTRACION,7,42,2026-07-31,1.0,SI
Vigahome SpA,4510301005,613070 MANTENCION Y REPARACION MAINTENANCE,Mantención,ADMINISTRACION,3,5,2026-07-30,1.0,SI
WORLD SURVEY SERVICES SA,4510301005,613070 MANTENCION Y REPARACION MAINTENANCE,Mantención,LABORATORIO FIV,1,1,2026-03-16,1.0,SI
WORLDWIDE FACILITY SECURITY S.A,4510404003,649040 SERVICIOS DE SEGURIDADPROFESSIONAL SECURITY FEES,Guardias,ADMINISTRACION,7,7,2026-07-15,0.88,NO
WORLDWIDE FACILITY SECURITY S.A,4510404003,649040 SERVICIOS DE SEGURIDADPROFESSIONAL SECURITY FEES,Camaras de seguridad,ADMINISTRACION,1,1,2026-01-31,0.12,NO
YALITECH SPA,4510301015,612160 GTOS. COURRIER COURRIER,Envios,LABORATORIO FIV,1,1,2026-04-15,1.0,SI
zxtech,4510301008,612040 UTILES Y ARTICULOS DE OFICINA OFFICE SUPPLIES,Utiles de oficina,CONTABILIDAD,1,1,2026-07-29,1.0,SI
